[{"rt":null,"stimulus":"<div class=\"fixation\"> <br> + <br><br><br><br><br></div>","response":null,"trial_type":"html-keyboard-response","trial_index":0,"time_elapsed":816,"internal_node_id":"0.0-0.0-0.0-0.0"},{"rt":841,"stimulus":"\n                        <div class=\"cra-container\">\n                            <div class=\"problem-counter\">Problem 1 of 7</div>\n                            <div class=\"cra-words\" id=\"cra-words\">cottage<br>swiss<br>cake</div>\n                            \n    <div class=\"progress-container\" style=\"width: 100%; height: 20px; background-color: #f1f1f1; border-radius: 10px; margin: 20px 0;\">\n        <div id=\"progress-bar\" class=\"progress-bar\" style=\"height: 100%; width: 100%; background-color: #4CAF50; border-radius: 10px; transition: width 0.1s linear;\"></div>\n    </div>\n    <div id=\"time-remaining\" style=\"text-align: center; font-size: 16px; margin-bottom: 20px;\">15.0s remaining</div>\n\n                        </div>\n                    ","response":"c","words":["cottage","swiss","cake"],"solutions":["cheese"],"regex":["cheese"],"phase":"test","problem_number":1,"trial_type":"html-keyboard-response","trial_index":1,"time_elapsed":1658,"internal_node_id":"0.0-0.0-0.0-1.0","solved":true,"timed_out":false,"correct":false},{"rt":697,"response":{"Q0":"cheese"},"phase":"test","problem_number":1,"words":["cottage","swiss","cake"],"solutions":["cheese"],"regex":["cheese"],"trial_type":"survey-text","trial_index":2,"time_elapsed":2359,"internal_node_id":"0.0-0.0-1.0-0.0","correct":true,"timed_out":false,"solved":true},{"rt":null,"stimulus":"<div class=\"fixation\"> <br> + <br><br><br><br><br></div>","response":null,"trial_type":"html-keyboard-response","trial_index":3,"time_elapsed":3164,"internal_node_id":"0.0-1.0-0.0-0.0"},{"rt":666,"stimulus":"\n                        <div class=\"cra-container\">\n                            <div class=\"problem-counter\">Problem 2 of 7</div>\n                            <div class=\"cra-words\" id=\"cra-words\">cream<br>skate<br>water</div>\n                            \n    <div class=\"progress-container\" style=\"width: 100%; height: 20px; background-color: #f1f1f1; border-radius: 10px; margin: 20px 0;\">\n        <div id=\"progress-bar\" class=\"progress-bar\" style=\"height: 100%; width: 100%; background-color: #4CAF50; border-radius: 10px; transition: width 0.1s linear;\"></div>\n    </div>\n    <div id=\"time-remaining\" style=\"text-align: center; font-size: 16px; margin-bottom: 20px;\">15.0s remaining</div>\n\n                        </div>\n                    ","response":"i","words":["cream","skate","water"],"solutions":["ice"],"regex":["ice"],"phase":"test","problem_number":2,"trial_type":"html-keyboard-response","trial_index":4,"time_elapsed":3830,"internal_node_id":"0.0-1.0-0.0-1.0","solved":true,"timed_out":false,"correct":false},{"rt":308,"response":{"Q0":"ice"},"phase":"test","problem_number":2,"words":["cream","skate","water"],"solutions":["ice"],"regex":["ice"],"trial_type":"survey-text","trial_index":5,"time_elapsed":4139,"internal_node_id":"0.0-1.0-1.0-0.0","correct":true,"timed_out":false,"solved":true},{"rt":null,"stimulus":"<div class=\"fixation\"> <br> + <br><br><br><br><br></div>","response":null,"trial_type":"html-keyboard-response","trial_index":6,"time_elapsed":4953,"internal_node_id":"0.0-2.0-0.0-0.0"},{"rt":684,"stimulus":"\n                        <div class=\"cra-container\">\n                            <div class=\"problem-counter\">Problem 3 of 7</div>\n                            <div class=\"cra-words\" id=\"cra-words\">loser<br>throat<br>spot</div>\n                            \n    <div class=\"progress-container\" style=\"width: 100%; height: 20px; background-color: #f1f1f1; border-radius: 10px; margin: 20px 0;\">\n        <div id=\"progress-bar\" class=\"progress-bar\" style=\"height: 100%; width: 100%; background-color: #4CAF50; border-radius: 10px; transition: width 0.1s linear;\"></div>\n    </div>\n    <div id=\"time-remaining\" style=\"text-align: center; font-size: 16px; margin-bottom: 20px;\">15.0s remaining</div>\n\n                        </div>\n                    ","response":"s","words":["loser","throat","spot"],"solutions":["sore"],"regex":["sore"],"phase":"test","problem_number":3,"trial_type":"html-keyboard-response","trial_index":7,"time_elapsed":5639,"internal_node_id":"0.0-2.0-0.0-1.0","solved":true,"timed_out":false,"correct":false},{"rt":407,"response":{"Q0":"sore"},"phase":"test","problem_number":3,"words":["loser","throat","spot"],"solutions":["sore"],"regex":["sore"],"trial_type":"survey-text","trial_index":8,"time_elapsed":6047,"internal_node_id":"0.0-2.0-1.0-0.0","correct":true,"timed_out":false,"solved":true},{"rt":null,"stimulus":"<div class=\"fixation\"> <br> + <br><br><br><br><br></div>","response":null,"trial_type":"html-keyboard-response","trial_index":9,"time_elapsed":6853,"internal_node_id":"0.0-3.0-0.0-0.0"},{"rt":1331,"stimulus":"\n                        <div class=\"cra-container\">\n                            <div class=\"problem-counter\">Problem 4 of 7</div>\n                            <div class=\"cra-words\" id=\"cra-words\">show<br>life<br>row</div>\n                            \n    <div class=\"progress-container\" style=\"width: 100%; height: 20px; background-color: #f1f1f1; border-radius: 10px; margin: 20px 0;\">\n        <div id=\"progress-bar\" class=\"progress-bar\" style=\"height: 100%; width: 100%; background-color: #4CAF50; border-radius: 10px; transition: width 0.1s linear;\"></div>\n    </div>\n    <div id=\"time-remaining\" style=\"text-align: center; font-size: 16px; margin-bottom: 20px;\">15.0s remaining</div>\n\n                        </div>\n                    ","response":"b","words":["show","life","row"],"solutions":["boat"],"regex":["boat"],"phase":"test","problem_number":4,"trial_type":"html-keyboard-response","trial_index":10,"time_elapsed":8184,"internal_node_id":"0.0-3.0-0.0-1.0","solved":true,"timed_out":false,"correct":false},{"rt":431,"response":{"Q0":"boat"},"phase":"test","problem_number":4,"words":["show","life","row"],"solutions":["boat"],"regex":["boat"],"trial_type":"survey-text","trial_index":11,"time_elapsed":8617,"internal_node_id":"0.0-3.0-1.0-0.0","correct":true,"timed_out":false,"solved":true},{"rt":null,"stimulus":"<div class=\"fixation\"> <br> + <br><br><br><br><br></div>","response":null,"trial_type":"html-keyboard-response","trial_index":12,"time_elapsed":9419,"internal_node_id":"0.0-4.0-0.0-0.0"},{"rt":877,"stimulus":"\n                        <div class=\"cra-container\">\n                            <div class=\"problem-counter\">Problem 5 of 7</div>\n                            <div class=\"cra-words\" id=\"cra-words\">night<br>wrist<br>stop</div>\n                            \n    <div class=\"progress-container\" style=\"width: 100%; height: 20px; background-color: #f1f1f1; border-radius: 10px; margin: 20px 0;\">\n        <div id=\"progress-bar\" class=\"progress-bar\" style=\"height: 100%; width: 100%; background-color: #4CAF50; border-radius: 10px; transition: width 0.1s linear;\"></div>\n    </div>\n    <div id=\"time-remaining\" style=\"text-align: center; font-size: 16px; margin-bottom: 20px;\">15.0s remaining</div>\n\n                        </div>\n                    ","response":"w","words":["night","wrist","stop"],"solutions":["watch"],"regex":["watch"],"phase":"test","problem_number":5,"trial_type":"html-keyboard-response","trial_index":13,"time_elapsed":10296,"internal_node_id":"0.0-4.0-0.0-1.0","solved":true,"timed_out":false,"correct":false},{"rt":713,"response":{"Q0":"watch"},"phase":"test","problem_number":5,"words":["night","wrist","stop"],"solutions":["watch"],"regex":["watch"],"trial_type":"survey-text","trial_index":14,"time_elapsed":11011,"internal_node_id":"0.0-4.0-1.0-0.0","correct":true,"timed_out":false,"solved":true},{"rt":null,"stimulus":"<div class=\"fixation\"> <br> + <br><br><br><br><br></div>","response":null,"trial_type":"html-keyboard-response","trial_index":15,"time_elapsed":11812,"internal_node_id":"0.0-5.0-0.0-0.0"},{"rt":1301,"stimulus":"\n                        <div class=\"cra-container\">\n                            <div class=\"problem-counter\">Problem 6 of 7</div>\n                            <div class=\"cra-words\" id=\"cra-words\">duck<br>fold<br>dollar</div>\n                            \n    <div class=\"progress-container\" style=\"width: 100%; height: 20px; background-color: #f1f1f1; border-radius: 10px; margin: 20px 0;\">\n        <div id=\"progress-bar\" class=\"progress-bar\" style=\"height: 100%; width: 100%; background-color: #4CAF50; border-radius: 10px; transition: width 0.1s linear;\"></div>\n    </div>\n    <div id=\"time-remaining\" style=\"text-align: center; font-size: 16px; margin-bottom: 20px;\">15.0s remaining</div>\n\n                        </div>\n                    ","response":"b","words":["duck","fold","dollar"],"solutions":["bill"],"regex":["bill"],"phase":"test","problem_number":6,"trial_type":"html-keyboard-response","trial_index":16,"time_elapsed":13114,"internal_node_id":"0.0-5.0-0.0-1.0","solved":true,"timed_out":false,"correct":false},{"rt":708,"response":{"Q0":"bill"},"phase":"test","problem_number":6,"words":["duck","fold","dollar"],"solutions":["bill"],"regex":["bill"],"trial_type":"survey-text","trial_index":17,"time_elapsed":13824,"internal_node_id":"0.0-5.0-1.0-0.0","correct":true,"timed_out":false,"solved":true},{"rt":null,"stimulus":"<div class=\"fixation\"> <br> + <br><br><br><br><br></div>","response":null,"trial_type":"html-keyboard-response","trial_index":18,"time_elapsed":14632,"internal_node_id":"0.0-6.0-0.0-0.0"},{"rt":1198,"stimulus":"\n                        <div class=\"cra-container\">\n                            <div class=\"problem-counter\">Problem 7 of 7</div>\n                            <div class=\"cra-words\" id=\"cra-words\">over<br>plant<br>horse</div>\n                            \n    <div class=\"progress-container\" style=\"width: 100%; height: 20px; background-color: #f1f1f1; border-radius: 10px; margin: 20px 0;\">\n        <div id=\"progress-bar\" class=\"progress-bar\" style=\"height: 100%; width: 100%; background-color: #4CAF50; border-radius: 10px; transition: width 0.1s linear;\"></div>\n    </div>\n    <div id=\"time-remaining\" style=\"text-align: center; font-size: 16px; margin-bottom: 20px;\">15.0s remaining</div>\n\n                        </div>\n                    ","response":"e","words":["over","plant","horse"],"solutions":["power"],"regex":["power","Pwr"],"phase":"test","problem_number":7,"trial_type":"html-keyboard-response","trial_index":19,"time_elapsed":15830,"internal_node_id":"0.0-6.0-0.0-1.0","solved":true,"timed_out":false,"correct":false},{"rt":720,"response":{"Q0":"easy"},"phase":"test","problem_number":7,"words":["over","plant","horse"],"solutions":["power"],"regex":["power","Pwr"],"trial_type":"survey-text","trial_index":20,"time_elapsed":16551,"internal_node_id":"0.0-6.0-1.0-0.0","correct":false,"timed_out":false,"solved":true,"participant":"anon_64800"}]