"rt","stimulus","response","trial_type","trial_index","time_elapsed","internal_node_id","words","solutions","regex","phase","problem_number","solved","timed_out","correct","participant"
"null","<div class=""fixation""> <br> + <br><br><br><br><br></div>","null","html-keyboard-response","0","816","0.0-0.0-0.0-0.0","","","","","","","","",""
"841","
                        <div class=""cra-container"">
                            <div class=""problem-counter"">Problem 1 of 7</div>
                            <div class=""cra-words"" id=""cra-words"">cottage<br>swiss<br>cake</div>
                            
    <div class=""progress-container"" style=""width: 100%; height: 20px; background-color: #f1f1f1; border-radius: 10px; margin: 20px 0;"">
        <div id=""progress-bar"" class=""progress-bar"" style=""height: 100%; width: 100%; background-color: #4CAF50; border-radius: 10px; transition: width 0.1s linear;""></div>
    </div>
    <div id=""time-remaining"" style=""text-align: center; font-size: 16px; margin-bottom: 20px;"">15.0s remaining</div>

                        </div>
                    ","c","html-keyboard-response","1","1658","0.0-0.0-0.0-1.0","[""cottage"",""swiss"",""cake""]","[""cheese""]","[""cheese""]","test","1","true","false","false",""
"697","","{""Q0"":""cheese""}","survey-text","2","2359","0.0-0.0-1.0-0.0","[""cottage"",""swiss"",""cake""]","[""cheese""]","[""cheese""]","test","1","true","false","true",""
"null","<div class=""fixation""> <br> + <br><br><br><br><br></div>","null","html-keyboard-response","3","3164","0.0-1.0-0.0-0.0","","","","","","","","",""
"666","
                        <div class=""cra-container"">
                            <div class=""problem-counter"">Problem 2 of 7</div>
                            <div class=""cra-words"" id=""cra-words"">cream<br>skate<br>water</div>
                            
    <div class=""progress-container"" style=""width: 100%; height: 20px; background-color: #f1f1f1; border-radius: 10px; margin: 20px 0;"">
        <div id=""progress-bar"" class=""progress-bar"" style=""height: 100%; width: 100%; background-color: #4CAF50; border-radius: 10px; transition: width 0.1s linear;""></div>
    </div>
    <div id=""time-remaining"" style=""text-align: center; font-size: 16px; margin-bottom: 20px;"">15.0s remaining</div>

                        </div>
                    ","i","html-keyboard-response","4","3830","0.0-1.0-0.0-1.0","[""cream"",""skate"",""water""]","[""ice""]","[""ice""]","test","2","true","false","false",""
"308","","{""Q0"":""ice""}","survey-text","5","4139","0.0-1.0-1.0-0.0","[""cream"",""skate"",""water""]","[""ice""]","[""ice""]","test","2","true","false","true",""
"null","<div class=""fixation""> <br> + <br><br><br><br><br></div>","null","html-keyboard-response","6","4953","0.0-2.0-0.0-0.0","","","","","","","","",""
"684","
                        <div class=""cra-container"">
                            <div class=""problem-counter"">Problem 3 of 7</div>
                            <div class=""cra-words"" id=""cra-words"">loser<br>throat<br>spot</div>
                            
    <div class=""progress-container"" style=""width: 100%; height: 20px; background-color: #f1f1f1; border-radius: 10px; margin: 20px 0;"">
        <div id=""progress-bar"" class=""progress-bar"" style=""height: 100%; width: 100%; background-color: #4CAF50; border-radius: 10px; transition: width 0.1s linear;""></div>
    </div>
    <div id=""time-remaining"" style=""text-align: center; font-size: 16px; margin-bottom: 20px;"">15.0s remaining</div>

                        </div>
                    ","s","html-keyboard-response","7","5639","0.0-2.0-0.0-1.0","[""loser"",""throat"",""spot""]","[""sore""]","[""sore""]","test","3","true","false","false",""
"407","","{""Q0"":""sore""}","survey-text","8","6047","0.0-2.0-1.0-0.0","[""loser"",""throat"",""spot""]","[""sore""]","[""sore""]","test","3","true","false","true",""
"null","<div class=""fixation""> <br> + <br><br><br><br><br></div>","null","html-keyboard-response","9","6853","0.0-3.0-0.0-0.0","","","","","","","","",""
"1331","
                        <div class=""cra-container"">
                            <div class=""problem-counter"">Problem 4 of 7</div>
                            <div class=""cra-words"" id=""cra-words"">show<br>life<br>row</div>
                            
    <div class=""progress-container"" style=""width: 100%; height: 20px; background-color: #f1f1f1; border-radius: 10px; margin: 20px 0;"">
        <div id=""progress-bar"" class=""progress-bar"" style=""height: 100%; width: 100%; background-color: #4CAF50; border-radius: 10px; transition: width 0.1s linear;""></div>
    </div>
    <div id=""time-remaining"" style=""text-align: center; font-size: 16px; margin-bottom: 20px;"">15.0s remaining</div>

                        </div>
                    ","b","html-keyboard-response","10","8184","0.0-3.0-0.0-1.0","[""show"",""life"",""row""]","[""boat""]","[""boat""]","test","4","true","false","false",""
"431","","{""Q0"":""boat""}","survey-text","11","8617","0.0-3.0-1.0-0.0","[""show"",""life"",""row""]","[""boat""]","[""boat""]","test","4","true","false","true",""
"null","<div class=""fixation""> <br> + <br><br><br><br><br></div>","null","html-keyboard-response","12","9419","0.0-4.0-0.0-0.0","","","","","","","","",""
"877","
                        <div class=""cra-container"">
                            <div class=""problem-counter"">Problem 5 of 7</div>
                            <div class=""cra-words"" id=""cra-words"">night<br>wrist<br>stop</div>
                            
    <div class=""progress-container"" style=""width: 100%; height: 20px; background-color: #f1f1f1; border-radius: 10px; margin: 20px 0;"">
        <div id=""progress-bar"" class=""progress-bar"" style=""height: 100%; width: 100%; background-color: #4CAF50; border-radius: 10px; transition: width 0.1s linear;""></div>
    </div>
    <div id=""time-remaining"" style=""text-align: center; font-size: 16px; margin-bottom: 20px;"">15.0s remaining</div>

                        </div>
                    ","w","html-keyboard-response","13","10296","0.0-4.0-0.0-1.0","[""night"",""wrist"",""stop""]","[""watch""]","[""watch""]","test","5","true","false","false",""
"713","","{""Q0"":""watch""}","survey-text","14","11011","0.0-4.0-1.0-0.0","[""night"",""wrist"",""stop""]","[""watch""]","[""watch""]","test","5","true","false","true",""
"null","<div class=""fixation""> <br> + <br><br><br><br><br></div>","null","html-keyboard-response","15","11812","0.0-5.0-0.0-0.0","","","","","","","","",""
"1301","
                        <div class=""cra-container"">
                            <div class=""problem-counter"">Problem 6 of 7</div>
                            <div class=""cra-words"" id=""cra-words"">duck<br>fold<br>dollar</div>
                            
    <div class=""progress-container"" style=""width: 100%; height: 20px; background-color: #f1f1f1; border-radius: 10px; margin: 20px 0;"">
        <div id=""progress-bar"" class=""progress-bar"" style=""height: 100%; width: 100%; background-color: #4CAF50; border-radius: 10px; transition: width 0.1s linear;""></div>
    </div>
    <div id=""time-remaining"" style=""text-align: center; font-size: 16px; margin-bottom: 20px;"">15.0s remaining</div>

                        </div>
                    ","b","html-keyboard-response","16","13114","0.0-5.0-0.0-1.0","[""duck"",""fold"",""dollar""]","[""bill""]","[""bill""]","test","6","true","false","false",""
"708","","{""Q0"":""bill""}","survey-text","17","13824","0.0-5.0-1.0-0.0","[""duck"",""fold"",""dollar""]","[""bill""]","[""bill""]","test","6","true","false","true",""
"null","<div class=""fixation""> <br> + <br><br><br><br><br></div>","null","html-keyboard-response","18","14632","0.0-6.0-0.0-0.0","","","","","","","","",""
"1198","
                        <div class=""cra-container"">
                            <div class=""problem-counter"">Problem 7 of 7</div>
                            <div class=""cra-words"" id=""cra-words"">over<br>plant<br>horse</div>
                            
    <div class=""progress-container"" style=""width: 100%; height: 20px; background-color: #f1f1f1; border-radius: 10px; margin: 20px 0;"">
        <div id=""progress-bar"" class=""progress-bar"" style=""height: 100%; width: 100%; background-color: #4CAF50; border-radius: 10px; transition: width 0.1s linear;""></div>
    </div>
    <div id=""time-remaining"" style=""text-align: center; font-size: 16px; margin-bottom: 20px;"">15.0s remaining</div>

                        </div>
                    ","e","html-keyboard-response","19","15830","0.0-6.0-0.0-1.0","[""over"",""plant"",""horse""]","[""power""]","[""power"",""Pwr""]","test","7","true","false","false",""
"720","","{""Q0"":""easy""}","survey-text","20","16551","0.0-6.0-1.0-0.0","[""over"",""plant"",""horse""]","[""power""]","[""power"",""Pwr""]","test","7","true","false","false","anon_64800"
